Name,Menu,Category,Location
Taaza food truck,Chitti Punugulu,Tiffins,"1555 E Sandy Lake Rd,Coppell,TX 75019"
Taaza food truck,Idly,Tiffins,"1555 E Sandy Lake Rd,Coppell,TX 75019"
Taaza food truck,Ghee Karam Idly,Tiffins,"1555 E Sandy Lake Rd,Coppell,TX 75019"
Taaza food truck,Ghee Karam Dosa,Tiffins,"1555 E Sandy Lake Rd,Coppell,TX 75019"
Taaza food truck,Plain Dosa,Dosas,"1555 E Sandy Lake Rd,Coppell,TX 75019"
Taaza food truck,Onion Dosa,Dosas,"1555 E Sandy Lake Rd,Coppell,TX 75019"
Taaza food truck,Chitti Uthappam,Tiffins,"1555 E Sandy Lake Rd,Coppell,TX 75019"
Taaza food truck,Masala Dosa,Dosas,"1555 E Sandy Lake Rd,Coppell,TX 75019"
Taaza food truck,Onion Masala Dosa,Dosas,"1555 E Sandy Lake Rd,Coppell,TX 75019"
Taaza food truck,Pani Puri,Chaat,"1555 E Sandy Lake Rd,Coppell,TX 75019"
Taaza food truck,Dahi puri,Chaat,"1555 E Sandy Lake Rd,Coppell,TX 75019"
Taaza food truck,Masala Puri,Chaat,"1555 E Sandy Lake Rd,Coppell,TX 75019"
Taaza food truck,Samosa chaat,Chaat,"1555 E Sandy Lake Rd,Coppell,TX 75019"
Taaza food truck,Pav Bhaji,Chaat,"1555 E Sandy Lake Rd,Coppell,TX 75019"
Taaza food truck,Veg Manchurian,Fast Food,"1555 E Sandy Lake Rd,Coppell,TX 75019"
Taaza food truck,Chilli Chicken,Fast Food,"1555 E Sandy Lake Rd,Coppell,TX 75019"
Taaza food truck,Chicken Manchurian,Fast Food,"1555 E Sandy Lake Rd,Coppell,TX 75019"
Taaza food truck,Veg Noodles/Fried Rice,Fast Food,"1555 E Sandy Lake Rd,Coppell,TX 75019"
Taaza food truck,Veg Manchurian Noodles/Fried Rice,Fast Food,"1555 E Sandy Lake Rd,Coppell,TX 75019"
Taaza food truck,Chicken 65,Fast Food,"1555 E Sandy Lake Rd,Coppell,TX 75019"
Taaza food truck,Chicken Noodles/Fried Rice,Fast Food,"1555 E Sandy Lake Rd,Coppell,TX 75019"
Taaza food truck,Egg Noodles/Fried Rice,Fast Food,"1555 E Sandy Lake Rd,Coppell,TX 75019"
Taaza food truck,Grape Soda,Drinks,"1555 E Sandy Lake Rd,Coppell,TX 75019"
Taaza food truck,Soft Drinks,Drinks,"1555 E Sandy Lake Rd,Coppell,TX 75019"
Taaza food truck,Masala Coke,Drinks,"1555 E Sandy Lake Rd,Coppell,TX 75019"
Taaza food truck,Lemon Soda(sweet/salt/masala),Drinks,"1555 E Sandy Lake Rd,Coppell,TX 75019"
Taaza food truck,Mango Lassi,Drinks,"1555 E Sandy Lake Rd,Coppell,TX 75019"
Babai Bandi,Idly,Tiffins,"1028 S welch St Denton, Tx (one more opened in Mckinney)"
Babai Bandi,Ghee Idly,Tiffins,"1028 S welch St Denton, Tx (one more opened in Mckinney)"
Babai Bandi,Sambar Idly,Tiffins,"1028 S welch St Denton, Tx (one more opened in Mckinney)"
Babai Bandi,Babai Idly,Tiffins,"1028 S welch St Denton, Tx (one more opened in Mckinney)"
Babai Bandi,Ghee karam Idly,Tiffins,"1028 S welch St Denton, Tx (one more opened in Mckinney)"
Babai Bandi,Moringa Karam Idly,Tiffins,"1028 S welch St Denton, Tx (one more opened in Mckinney)"
Babai Bandi,Utappam,Tiffins,"1028 S welch St Denton, Tx (one more opened in Mckinney)"
Babai Bandi,Onion Utappam,Tiffins,"1028 S welch St Denton, Tx (one more opened in Mckinney)"
Babai Bandi,Onion Chilli Utappam,Tiffins,"1028 S welch St Denton, Tx (one more opened in Mckinney)"
Babai Bandi,Special Utappam,Tiffins,"1028 S welch St Denton, Tx (one more opened in Mckinney)"
Babai Bandi,Cheese corn Utappam,Tiffins,"1028 S welch St Denton, Tx (one more opened in Mckinney)"
Babai Bandi,Wada,Tiffins,"1028 S welch St Denton, Tx (one more opened in Mckinney)"
Babai Bandi,Plain wada,Tiffins,"1028 S welch St Denton, Tx (one more opened in Mckinney)"
Babai Bandi,Sambar wada,Tiffins,"1028 S welch St Denton, Tx (one more opened in Mckinney)"
Babai Bandi,Veg fried rice,Fast Food,"1028 S welch St Denton, Tx (one more opened in Mckinney)"
Babai Bandi,Egg fried rice,Fast Food,"1028 S welch St Denton, Tx (one more opened in Mckinney)"
Babai Bandi,Chicken Fried rice,Fast Food,"1028 S welch St Denton, Tx (one more opened in Mckinney)"
Babai Bandi,Dosas,Tiffins,"1028 S welch St Denton, Tx (one more opened in Mckinney)"
Babai Bandi,Plain Dosa,Tiffins,"1028 S welch St Denton, Tx (one more opened in Mckinney)"
Babai Bandi,Ghee roast dosa,Tiffins,"1028 S welch St Denton, Tx (one more opened in Mckinney)"
Babai Bandi,Onion Dosa,Tiffins,"1028 S welch St Denton, Tx (one more opened in Mckinney)"
Babai Bandi,Egg Dosa,Tiffins,"1028 S welch St Denton, Tx (one more opened in Mckinney)"
Babai Bandi,Upma Dosa,Tiffins,"1028 S welch St Denton, Tx (one more opened in Mckinney)"
Babai Bandi,Babai Dosa,Tiffins,"1028 S welch St Denton, Tx (one more opened in Mckinney)"
Babai Bandi,Ghee Karam Dosa,Tiffins,"1028 S welch St Denton, Tx (one more opened in Mckinney)"
Babai Bandi,Nellore Ghee Karam Dosa,Tiffins,"1028 S welch St Denton, Tx (one more opened in Mckinney)"
Babai Bandi,Masala Dosa,Tiffins,"1028 S welch St Denton, Tx (one more opened in Mckinney)"
Babai Bandi,Cheese Dosa,Tiffins,"1028 S welch St Denton, Tx (one more opened in Mckinney)"
Babai Bandi,Chocolate Dosa,Tiffins,"1028 S welch St Denton, Tx (one more opened in Mckinney)"
Babai Bandi,Paneer Dosa,Tiffins,"1028 S welch St Denton, Tx (one more opened in Mckinney)"
Babai Bandi,Pulihora Dosa,Tiffins,"1028 S welch St Denton, Tx (one more opened in Mckinney)"
Babai Bandi,Plain Pesarattu,Tiffins,"1028 S welch St Denton, Tx (one more opened in Mckinney)"
Babai Bandi,Onion Pesarattu,Tiffins,"1028 S welch St Denton, Tx (one more opened in Mckinney)"
Babai Bandi,Onion Chilli Pesarattu,Tiffins,"1028 S welch St Denton, Tx (one more opened in Mckinney)"
Babai Bandi,upma persarattu,Tiffins,"1028 S welch St Denton, Tx (one more opened in Mckinney)"
Babai Bandi,Bezawada punugulu,Specials,"1028 S welch St Denton, Tx (one more opened in Mckinney)"
Babai Bandi,Ghee Karam punugulu,Specials,"1028 S welch St Denton, Tx (one more opened in Mckinney)"
Babai Bandi,Mysore Bonda,Specials,"1028 S welch St Denton, Tx (one more opened in Mckinney)"
Babai Bandi,poori,Specials,"1028 S welch St Denton, Tx (one more opened in Mckinney)"
Babai Bandi,Gobi fry,Starters,"1028 S welch St Denton, Tx (one more opened in Mckinney)"
Babai Bandi,crispy corn,Starters,"1028 S welch St Denton, Tx (one more opened in Mckinney)"
Babai Bandi,chicken pakodi,Starters,"1028 S welch St Denton, Tx (one more opened in Mckinney)"
Babai Bandi,Chat,Chaat,"1028 S welch St Denton, Tx (one more opened in Mckinney)"
Babai Bandi,pani puri,Chaat,"1028 S welch St Denton, Tx (one more opened in Mckinney)"
Babai Bandi,Dahi puri,Chaat,"1028 S welch St Denton, Tx (one more opened in Mckinney)"
Babai Bandi,Egg Bajji Mixture,Chaat,"1028 S welch St Denton, Tx (one more opened in Mckinney)"
Babai Bandi,Mirchi Bajji Mixture,Chaat,"1028 S welch St Denton, Tx (one more opened in Mckinney)"
Babai Bandi,Aloo Samosa,SNACKS,"1028 S welch St Denton, Tx (one more opened in Mckinney)"
Babai Bandi,Onion Samosa,SNACKS,"1028 S welch St Denton, Tx (one more opened in Mckinney)"
Babai Bandi,Paneer Samosa,SNACKS,"1028 S welch St Denton, Tx (one more opened in Mckinney)"
Babai Bandi,Chicken samosa,SNACKS,"1028 S welch St Denton, Tx (one more opened in Mckinney)"
Babai Bandi,Egg Bajji,SNACKS,"1028 S welch St Denton, Tx (one more opened in Mckinney)"
Babai Bandi,Mirchi Bajji,SNACKS,"1028 S welch St Denton, Tx (one more opened in Mckinney)"
Babai Bandi,Cut Mirchi,SNACKS,"1028 S welch St Denton, Tx (one more opened in Mckinney)"
Babai Bandi,Stuffed Mirchi,SNACKS,"1028 S welch St Denton, Tx (one more opened in Mckinney)"
Babai Bandi,Tea,Hot Beverages,"1028 S welch St Denton, Tx (one more opened in Mckinney)"
Babai Bandi,Coke,Hot Beverages,"1028 S welch St Denton, Tx (one more opened in Mckinney)"
Babai Bandi,Sprite,Hot Beverages,"1028 S welch St Denton, Tx (one more opened in Mckinney)"
Babai Bandi,Thumsup,Hot Beverages,"1028 S welch St Denton, Tx (one more opened in Mckinney)"
Babai Bandi,Bottled water,Hot Beverages,"1028 S welch St Denton, Tx (one more opened in Mckinney)"
Babai Bandi,Apple,COLD PRESS JUICE,"1028 S welch St Denton, Tx (one more opened in Mckinney)"
Babai Bandi,Beetroot,COLD PRESS JUICE,"1028 S welch St Denton, Tx (one more opened in Mckinney)"
Babai Bandi,cattor,COLD PRESS JUICE,"1028 S welch St Denton, Tx (one more opened in Mckinney)"
Babai Bandi,Muskmelon,COLD PRESS JUICE,"1028 S welch St Denton, Tx (one more opened in Mckinney)"
Babai Bandi,orange,COLD PRESS JUICE,"1028 S welch St Denton, Tx (one more opened in Mckinney)"
Babai Bandi,pineapple,COLD PRESS JUICE,"1028 S welch St Denton, Tx (one more opened in Mckinney)"
Babai Bandi,watermelon,COLD PRESS JUICE,"1028 S welch St Denton, Tx (one more opened in Mckinney)"
Babai Bandi,cucumber juice,COLD PRESS JUICE,"1028 S welch St Denton, Tx (one more opened in Mckinney)"
Babai Bandi,Banana Shake,COLD PRESS JUICE,"1028 S welch St Denton, Tx (one more opened in Mckinney)"
Babai Bandi,Strawberry shake,COLD PRESS JUICE,"1028 S welch St Denton, Tx (one more opened in Mckinney)"
Babai Bandi,muskmelon shake,COLD PRESS JUICE,"1028 S welch St Denton, Tx (one more opened in Mckinney)"
Babai Bandi,Lemon soda(sweet/soda),COLD PRESS JUICE,"1028 S welch St Denton, Tx (one more opened in Mckinney)"
Babai Bandi,Masala butter milk,COLD PRESS JUICE,"1028 S welch St Denton, Tx (one more opened in Mckinney)"
Babai Bandi,Lassi(Salt/Sweet/Mango),COLD PRESS JUICE,"1028 S welch St Denton, Tx (one more opened in Mckinney)"
Bachelors Box,Plain Dosa,Dosas,"1720 W University Dr Suite 206, Denton, Tx"
Bachelors Box,Karam Dosa,Dosas,"1720 W University Dr Suite 206, Denton, Tx"
Bachelors Box,Ghee Karam Dosa,Dosas,"1720 W University Dr Suite 206, Denton, Tx"
Bachelors Box,Onion Dosa,Dosas,"1720 W University Dr Suite 206, Denton, Tx"
Bachelors Box,Masala Dosa,Dosas,"1720 W University Dr Suite 206, Denton, Tx"
Bachelors Box,Upma Dosa,Dosas,"1720 W University Dr Suite 206, Denton, Tx"
Bachelors Box,Egg Dosa,Dosas,"1720 W University Dr Suite 206, Denton, Tx"
Bachelors Box,Double Egg Dosa,Dosas,"1720 W University Dr Suite 206, Denton, Tx"
Bachelors Box,Egg Karam Dosa,Dosas,"1720 W University Dr Suite 206, Denton, Tx"
Bachelors Box,Mini Dosa(4 sets),Dosas,"1720 W University Dr Suite 206, Denton, Tx"
Bachelors Box,Uthappam,Dosas,"1720 W University Dr Suite 206, Denton, Tx"
Bachelors Box,Cheese Dosa,Dosas,"1720 W University Dr Suite 206, Denton, Tx"
Bachelors Box,Paneer Dosa,Dosas,"1720 W University Dr Suite 206, Denton, Tx"
Bachelors Box,Spl BB Dosa,Dosas,"1720 W University Dr Suite 206, Denton, Tx"
Bachelors Box,Idly,Tiffins,"1720 W University Dr Suite 206, Denton, Tx"
Bachelors Box,Ghee Karam Idly,Tiffins,"1720 W University Dr Suite 206, Denton, Tx"
Bachelors Box,Sambar Idly,Tiffins,"1720 W University Dr Suite 206, Denton, Tx"
Bachelors Box,Chapathi(2),Indian Breads,"1720 W University Dr Suite 206, Denton, Tx"
Bachelors Box,Egg Chapathi(2),Indian Breads,"1720 W University Dr Suite 206, Denton, Tx"
Bachelors Box,Plain Parota(2),Indian Breads,"1720 W University Dr Suite 206, Denton, Tx"
Bachelors Box,Egg Parota(2),Indian Breads,"1720 W University Dr Suite 206, Denton, Tx"
Bachelors Box,Chicken Kothu Parota,Tiffins,"1720 W University Dr Suite 206, Denton, Tx"
Bachelors Box,Mutton Kothu Parota,Tiffins,"1720 W University Dr Suite 206, Denton, Tx"
Bachelors Box,Fish Kothu Parota,Tiffins,"1720 W University Dr Suite 206, Denton, Tx"
Bachelors Box,Poori,Tiffins,"1720 W University Dr Suite 206, Denton, Tx"
Bachelors Box,Upma,Tiffins,"1720 W University Dr Suite 206, Denton, Tx"
Bachelors Box,Egg Omlet,Tiffins,"1720 W University Dr Suite 206, Denton, Tx"
Bachelors Box,Bread Omlet,Tiffins,"1720 W University Dr Suite 206, Denton, Tx"
Bachelors Box,Chicken Fry,Starter,"1720 W University Dr Suite 206, Denton, Tx"
Bachelors Box,Fish Fry,Starter,"1720 W University Dr Suite 206, Denton, Tx"
Bachelors Box,Mutton Fry,Starter,"1720 W University Dr Suite 206, Denton, Tx"
Bachelors Box,Plain Rice with Chicken Curry,Curry,"1720 W University Dr Suite 206, Denton, Tx"
Bachelors Box,Plain Rice with Mutton Curry,Curry,"1720 W University Dr Suite 206, Denton, Tx"
Bachelors Box,Plain Rice with Fish Curry,Curry,"1720 W University Dr Suite 206, Denton, Tx"
Bachelors Box,BB Biryani,Biryani,"1720 W University Dr Suite 206, Denton, Tx"
Bachelors Box,BB Kaju Biryani,Biryani,"1720 W University Dr Suite 206, Denton, Tx"
Bachelors Box,BB Paneer Biryani,Biryani,"1720 W University Dr Suite 206, Denton, Tx"
Bachelors Box,BB Chicken Biryani,Biryani,"1720 W University Dr Suite 206, Denton, Tx"
Bachelors Box,BB chicken Fry Biryani,Biryani,"1720 W University Dr Suite 206, Denton, Tx"
Bachelors Box,BB Biryani with chicken curry,Curry,"1720 W University Dr Suite 206, Denton, Tx"
Bachelors Box,BB Biryani with Mutton Curry,Curry,"1720 W University Dr Suite 206, Denton, Tx"
Bachelors Box,BB Biryani with Fish curry,Curry,"1720 W University Dr Suite 206, Denton, Tx"
Bachelors Box,"Bachelors Box Plate(Comes with BB Biryani,chicken Fry,Chicken curry, Mutton Curry,Fish Curry - $17.99
",Combo,"1720 W University Dr Suite 206, Denton, Tx"
Bachelors Box,"Thali(Veg/Special Veg/Non-veg/
Special non-veg)",Thali,"1720 W University Dr Suite 206, Denton, Tx"
Raamawafoods(Raa mawa Desi Fusion),Punjabi Samosa,Chaat,"3309 W State Hwy 29,Georgetown, Tx"
Raamawafoods(Raa mawa Desi Fusion),Vada Pav,Chaat,"3309 W State Hwy 29,Georgetown, Tx"
Raamawafoods(Raa mawa Desi Fusion),pani puri,Chaat,"3309 W State Hwy 29,Georgetown, Tx"
Raamawafoods(Raa mawa Desi Fusion),Dahi puri,Chaat,"3309 W State Hwy 29,Georgetown, Tx"
Raamawafoods(Raa mawa Desi Fusion),Sev Puri,Chaat,"3309 W State Hwy 29,Georgetown, Tx"
Raamawafoods(Raa mawa Desi Fusion),Bhel Puri,Chaat,"3309 W State Hwy 29,Georgetown, Tx"
Raamawafoods(Raa mawa Desi Fusion),Raj Kachori,Chaat,"3309 W State Hwy 29,Georgetown, Tx"
Raamawafoods(Raa mawa Desi Fusion),Dahi bhalla papdi chat ,Chaat,"3309 W State Hwy 29,Georgetown, Tx"
Raamawafoods(Raa mawa Desi Fusion),Aloo Tikki chat,Chaat,"3309 W State Hwy 29,Georgetown, Tx"
Raamawafoods(Raa mawa Desi Fusion),Samosa Chaat,Chaat,"3309 W State Hwy 29,Georgetown, Tx"
Raamawafoods(Raa mawa Desi Fusion),Samosa Ragada,Chaat,"3309 W State Hwy 29,Georgetown, Tx"
Raamawafoods(Raa mawa Desi Fusion),Ragda Pattice,Chaat,"3309 W State Hwy 29,Georgetown, Tx"
Raamawafoods(Raa mawa Desi Fusion),Onion Samosa,Chaat,"3309 W State Hwy 29,Georgetown, Tx"
Raamawafoods(Raa mawa Desi Fusion),Dosa(Veg/Non-veg Toppings),Dosas,"3309 W State Hwy 29,Georgetown, Tx"
Raamawafoods(Raa mawa Desi Fusion),Ghee Podi Idly,Tiffins,"3309 W State Hwy 29,Georgetown, Tx"
Raamawafoods(Raa mawa Desi Fusion),Idly,Tiffins,"3309 W State Hwy 29,Georgetown, Tx"
Raamawafoods(Raa mawa Desi Fusion),Uthappam,Tiffins,"3309 W State Hwy 29,Georgetown, Tx"
Raamawafoods(Raa mawa Desi Fusion),Mini Idly,Tiffins,"3309 W State Hwy 29,Georgetown, Tx"
Raamawafoods(Raa mawa Desi Fusion),Sambar Idly,Tiffins,"3309 W State Hwy 29,Georgetown, Tx"
Raamawafoods(Raa mawa Desi Fusion),Mini Sambar Idly(Dipped),Tiffins,"3309 W State Hwy 29,Georgetown, Tx"
Raamawafoods(Raa mawa Desi Fusion),Mini Ghee podi Idly,Tiffins,"3309 W State Hwy 29,Georgetown, Tx"
Raamawafoods(Raa mawa Desi Fusion),Chicken 65,Starter,"3309 W State Hwy 29,Georgetown, Tx"
Raamawafoods(Raa mawa Desi Fusion),Mughlai murgh roast,Starter,"3309 W State Hwy 29,Georgetown, Tx"
Raamawafoods(Raa mawa Desi Fusion),Cut Mirchi,SNACKS,"3309 W State Hwy 29,Georgetown, Tx"
Raamawafoods(Raa mawa Desi Fusion),Bombay Pav Bhaji,SNACKS,"3309 W State Hwy 29,Georgetown, Tx"
Raamawafoods(Raa mawa Desi Fusion),Falooda Kulfi,Desserts,"3309 W State Hwy 29,Georgetown, Tx"
Raamawafoods(Raa mawa Desi Fusion),Gulab Jamun,Desserts,"3309 W State Hwy 29,Georgetown, Tx"
Raamawafoods(Raa mawa Desi Fusion),Gulab Jamun with Icecream,Desserts,"3309 W State Hwy 29,Georgetown, Tx"
Raamawafoods(Raa mawa Desi Fusion),Rasmalai,Desserts,"3309 W State Hwy 29,Georgetown, Tx"
Raamawafoods(Raa mawa Desi Fusion),Ginger Chai,Hot Beverages,"3309 W State Hwy 29,Georgetown, Tx"
Raamawafoods(Raa mawa Desi Fusion),Madras Filter coffee,Hot Beverages,"3309 W State Hwy 29,Georgetown, Tx"
Raamawafoods(Raa mawa Desi Fusion),Mango Lassi,Hot Beverages,"3309 W State Hwy 29,Georgetown, Tx"
Raamawafoods(Raa mawa Desi Fusion),Soda,Drinks,"3309 W State Hwy 29,Georgetown, Tx"
"Flavors of Art & Friends Adda(One stop
2 Food trucks)",Idly,Tiffins,"1200 I-35 E, Denton, Tx"
"Flavors of Art & Friends Adda(One stop
2 Food trucks)",Ghee Karam Idly,Tiffins,"1200 I-35 E, Denton, Tx"
"Flavors of Art & Friends Adda(One stop
2 Food trucks)",Chitti Idly,Tiffins,"1200 I-35 E, Denton, Tx"
"Flavors of Art & Friends Adda(One stop
2 Food trucks)",Sambar idly,Tiffins,"1200 I-35 E, Denton, Tx"
"Flavors of Art & Friends Adda(One stop
2 Food trucks)",plain dosa,Dosas,"1200 I-35 E, Denton, Tx"
"Flavors of Art & Friends Adda(One stop
2 Food trucks)",onion dosa,Dosas,"1200 I-35 E, Denton, Tx"
"Flavors of Art & Friends Adda(One stop
2 Food trucks)",masala dosa,Dosas,"1200 I-35 E, Denton, Tx"
"Flavors of Art & Friends Adda(One stop
2 Food trucks)",mysore masala dosa,Dosas,"1200 I-35 E, Denton, Tx"
"Flavors of Art & Friends Adda(One stop
2 Food trucks)",ghee karam dosa,Dosas,"1200 I-35 E, Denton, Tx"
"Flavors of Art & Friends Adda(One stop
2 Food trucks)",guntur karam dosa,Dosas,"1200 I-35 E, Denton, Tx"
"Flavors of Art & Friends Adda(One stop
2 Food trucks)",set dosa,Dosas,"1200 I-35 E, Denton, Tx"
"Flavors of Art & Friends Adda(One stop
2 Food trucks)",paneer dosa,Dosas,"1200 I-35 E, Denton, Tx"
"Flavors of Art & Friends Adda(One stop
2 Food trucks)",cheese paneer dosa,Dosas,"1200 I-35 E, Denton, Tx"
"Flavors of Art & Friends Adda(One stop
2 Food trucks)",chiili paneer dosa,Dosas,"1200 I-35 E, Denton, Tx"
"Flavors of Art & Friends Adda(One stop
2 Food trucks)",egg dosa,Dosas,"1200 I-35 E, Denton, Tx"
"Flavors of Art & Friends Adda(One stop
2 Food trucks)",utthappam,Tiffins,"1200 I-35 E, Denton, Tx"
"Flavors of Art & Friends Adda(One stop
2 Food trucks)",chilli uttappam,Tiffins,"1200 I-35 E, Denton, Tx"
"Flavors of Art & Friends Adda(One stop
2 Food trucks)",vada,Tiffins,"1200 I-35 E, Denton, Tx"
"Flavors of Art & Friends Adda(One stop
2 Food trucks)",sambar vada,Tiffins,"1200 I-35 E, Denton, Tx"
"Flavors of Art & Friends Adda(One stop
2 Food trucks)",masala vada,Tiffins,"1200 I-35 E, Denton, Tx"
"Flavors of Art & Friends Adda(One stop
2 Food trucks)",mysore bonda,SNACKS,"1200 I-35 E, Denton, Tx"
"Flavors of Art & Friends Adda(One stop
2 Food trucks)",punugulu,SNACKS,"1200 I-35 E, Denton, Tx"
"Flavors of Art & Friends Adda(One stop
2 Food trucks)",mirchi bajji,SNACKS,"1200 I-35 E, Denton, Tx"
"Flavors of Art & Friends Adda(One stop
2 Food trucks)",cut mirchi,SNACKS,"1200 I-35 E, Denton, Tx"
"Flavors of Art & Friends Adda(One stop
2 Food trucks)",Stuffed mirchi bajji,SNACKS,"1200 I-35 E, Denton, Tx"
"Flavors of Art & Friends Adda(One stop
2 Food trucks)",egg bonda,SNACKS,"1200 I-35 E, Denton, Tx"
"Flavors of Art & Friends Adda(One stop
2 Food trucks)",onion samosa,SNACKS,"1200 I-35 E, Denton, Tx"
"Flavors of Art & Friends Adda(One stop
2 Food trucks)",aloo samosa,SNACKS,"1200 I-35 E, Denton, Tx"
"Flavors of Art & Friends Adda(One stop
2 Food trucks)",Gobi 65,Starters,"1200 I-35 E, Denton, Tx"
"Flavors of Art & Friends Adda(One stop
2 Food trucks)",Gobi Manchurian,Starters,"1200 I-35 E, Denton, Tx"
"Flavors of Art & Friends Adda(One stop
2 Food trucks)",chilli paneer,Starters,"1200 I-35 E, Denton, Tx"
"Flavors of Art & Friends Adda(One stop
2 Food trucks)",chicken 65,Starters,"1200 I-35 E, Denton, Tx"
"Flavors of Art & Friends Adda(One stop
2 Food trucks)",chilli chicken,Starters,"1200 I-35 E, Denton, Tx"
"Flavors of Art & Friends Adda(One stop
2 Food trucks)",Dhaba style kaju chicken,Starters,"1200 I-35 E, Denton, Tx"
"Flavors of Art & Friends Adda(One stop
2 Food trucks)",veg Fried Rice,Fast Food,"1200 I-35 E, Denton, Tx"
"Flavors of Art & Friends Adda(One stop
2 Food trucks)",Egg Fried rice/Chicken Fried rice,Fast Food,"1200 I-35 E, Denton, Tx"
"Flavors of Art & Friends Adda(One stop
2 Food trucks)",Noodles(veg/Egg/Chicken),Fast Food,"1200 I-35 E, Denton, Tx"
"Flavors of Art & Friends Adda(One stop
2 Food trucks)",Gobi 65 Fried rice,Fast Food,"1200 I-35 E, Denton, Tx"
"Flavors of Art & Friends Adda(One stop
2 Food trucks)",Chicken 65 fried rice,Fast Food,"1200 I-35 E, Denton, Tx"
"Flavors of Art & Friends Adda(One stop
2 Food trucks)",Noodles(Gobi 65/chicken 65),Fast Food,"1200 I-35 E, Denton, Tx"
"Flavors of Art & Friends Adda(One stop
2 Food trucks)",Tea,Hot Beverages,"1200 I-35 E, Denton, Tx"
Raju Gari Ruchulu,Cashew Chicken Pakoda,Starters,"928 South Belt Road, Coppell, Tx"
Raju Gari Ruchulu,Chicken Pepper Fry,Starters,"928 South Belt Road, Coppell, Tx"
Raju Gari Ruchulu,Fish Fry,Starters,"928 South Belt Road, Coppell, Tx"
Raju Gari Ruchulu,Veg Manchurian,Starters,"928 South Belt Road, Coppell, Tx"
Raju Gari Ruchulu,Bajji Mixture,SNACKS,"928 South Belt Road, Coppell, Tx"
Raju Gari Ruchulu,Stuffed Tomato Bajji,SNACKS,"928 South Belt Road, Coppell, Tx"
Raju Gari Ruchulu,Onion Samosa,SNACKS,"928 South Belt Road, Coppell, Tx"
Raju Gari Ruchulu,Potato Samosa,SNACKS,"928 South Belt Road, Coppell, Tx"
Raju Gari Ruchulu,Stuffed Mirchi Bajji,SNACKS,"928 South Belt Road, Coppell, Tx"
Raju Gari Ruchulu,Dahi Puri,SNACKS,"928 South Belt Road, Coppell, Tx"
Raju Gari Ruchulu,Pani Puri,SNACKS,"928 South Belt Road, Coppell, Tx"
Raju Gari Ruchulu,Samosa chat,Chaat,"928 South Belt Road, Coppell, Tx"
Raju Gari Ruchulu,Street Style (Noodles/Fried Rice),Chaat,"928 South Belt Road, Coppell, Tx"
Raju Gari Ruchulu,"Masala Dosa/Onion Dosa/plain/
Ghee Karam",Dosas,"928 South Belt Road, Coppell, Tx"
Raju Gari Ruchulu,Sambar punugulu/challa punugulu,Dosas,"928 South Belt Road, Coppell, Tx"
Raju Gari Ruchulu,Idly Podikaaram/ Tawa Idly,Dosas,"928 South Belt Road, Coppell, Tx"
SpiceRackExpress,Kadapa Dosa,Dosas,"402 w Hickory St, Denton, Tx"
SpiceRackExpress,Mysore Masala Dosa,Dosas,"402 w Hickory St, Denton, Tx"
SpiceRackExpress,Masala Dosa,Dosas,"402 w Hickory St, Denton, Tx"
SpiceRackExpress,Ghee Karam Dosa,Dosas,"402 w Hickory St, Denton, Tx"
SpiceRackExpress,Egg Dosa,Dosas,"402 w Hickory St, Denton, Tx"
SpiceRackExpress,Onion Dosa,Dosas,"402 w Hickory St, Denton, Tx"
SpiceRackExpress,Plain dosa,Dosas,"402 w Hickory St, Denton, Tx"
SpiceRackExpress,Dosa with(Chicken/Mutton Curry),Dosas,"402 w Hickory St, Denton, Tx"
SpiceRackExpress,Idly/Ghee Karam Idly,Tiffins,"402 w Hickory St, Denton, Tx"
SpiceRackExpress,"Poori with (Aloo bhaji/Chicken/
Mutton Curry)",Tiffins,"402 w Hickory St, Denton, Tx"
SpiceRackExpress,Fried Rice(Chicken/Egg/veg),Fast Food,"402 w Hickory St, Denton, Tx"
SpiceRackExpress,Hakka Noodles(Chicken/Egg/Veg),Fast Food,"402 w Hickory St, Denton, Tx"
SpiceRackExpress,Paneer Tikka Frankie,Fast Food,"402 w Hickory St, Denton, Tx"
SpiceRackExpress,Chicken Tikka Frankie,Fast Food,"402 w Hickory St, Denton, Tx"
SpiceRackExpress,Spicy chicken Pakoda,Fast Food,"402 w Hickory St, Denton, Tx"
SpiceRackExpress,gobi 65,SNACKS,"402 w Hickory St, Denton, Tx"
SpiceRackExpress,Punugulu,SNACKS,"402 w Hickory St, Denton, Tx"
SpiceRackExpress,Samosa,SNACKS,"402 w Hickory St, Denton, Tx"
SpiceRackExpress,onion Samosa,SNACKS,"402 w Hickory St, Denton, Tx"
SpiceRackExpress,Irani Chai,Hot Beverages,"402 w Hickory St, Denton, Tx"
SpiceRackExpress,Mango Lassi,Drinks,"402 w Hickory St, Denton, Tx"
SpiceRackExpress,Goli soda,Drinks,"402 w Hickory St, Denton, Tx"
SpiceRackExpress,thums up,Drinks,"402 w Hickory St, Denton, Tx"
SpiceRackExpress,limca/Fanta/coke,Drinks,"402 w Hickory St, Denton, Tx"
SpiceRackExpress,"Keds ice cream(Vanilla, chocolate
Dry fruit,Mango)",Icecream/Kulfi,"402 w Hickory St, Denton, Tx"
SpiceRackExpress,"Kulfi (Vanilla,chocolate,Dry fruit,
Mango)",Icecream/Kulfi,"402 w Hickory St, Denton, Tx"
DallasPuram Dhaba Food Truck,Idly/Mini,Tiffins,"209 N Carroll Blvd, Denton"
DallasPuram Dhaba Food Truck,Sambar Idly,Tiffins,"209 N Carroll Blvd, Denton"
DallasPuram Dhaba Food Truck,Ghee Karam Idly,Tiffins,"209 N Carroll Blvd, Denton"
DallasPuram Dhaba Food Truck,Ghee Idly,Tiffins,"209 N Carroll Blvd, Denton"
DallasPuram Dhaba Food Truck,Vada,Tiffins,"209 N Carroll Blvd, Denton"
DallasPuram Dhaba Food Truck,Sambar Vada,Tiffins,"209 N Carroll Blvd, Denton"
DallasPuram Dhaba Food Truck,Plain dosa,Dosas,"209 N Carroll Blvd, Denton"
DallasPuram Dhaba Food Truck,Masala Dosa,Dosas,"209 N Carroll Blvd, Denton"
DallasPuram Dhaba Food Truck,DD Special Dosa,Dosas,"209 N Carroll Blvd, Denton"
DallasPuram Dhaba Food Truck,Ghee Karam Dosa,Dosas,"209 N Carroll Blvd, Denton"
DallasPuram Dhaba Food Truck,Ghee dosa,Dosas,"209 N Carroll Blvd, Denton"
DallasPuram Dhaba Food Truck,Egg Dosa,Dosas,"209 N Carroll Blvd, Denton"
DallasPuram Dhaba Food Truck,Paneer Dosa,Dosas,"209 N Carroll Blvd, Denton"
DallasPuram Dhaba Food Truck,Chicken Dosa,Dosas,"209 N Carroll Blvd, Denton"
DallasPuram Dhaba Food Truck,Onion Dosa,Dosas,"209 N Carroll Blvd, Denton"
DallasPuram Dhaba Food Truck,Kid's Dosa,Dosas,"209 N Carroll Blvd, Denton"
DallasPuram Dhaba Food Truck,Chocolate Dosa,Dosas,"209 N Carroll Blvd, Denton"
DallasPuram Dhaba Food Truck,Punugulu,SNACKS,"209 N Carroll Blvd, Denton"
DallasPuram Dhaba Food Truck,Mirchi Bajji,SNACKS,"209 N Carroll Blvd, Denton"
DallasPuram Dhaba Food Truck,Cut mirchi,SNACKS,"209 N Carroll Blvd, Denton"
DallasPuram Dhaba Food Truck,Aloo Samosa,SNACKS,"209 N Carroll Blvd, Denton"
DallasPuram Dhaba Food Truck,Onion Samosa,SNACKS,"209 N Carroll Blvd, Denton"
DallasPuram Dhaba Food Truck,Muntha Masala,SNACKS,"209 N Carroll Blvd, Denton"
DallasPuram Dhaba Food Truck,"Noodles & Fried rice (Veg/Gobi Manchurian/
Egg/Chicken)",Fast Food,"209 N Carroll Blvd, Denton"
DallasPuram Dhaba Food Truck,Gobi Manchuria,Fast Food,"209 N Carroll Blvd, Denton"
DallasPuram Dhaba Food Truck,Baby corn manchuria,Fast Food,"209 N Carroll Blvd, Denton"
DallasPuram Dhaba Food Truck,paneer 65,Fast Food,"209 N Carroll Blvd, Denton"
DallasPuram Dhaba Food Truck,Chilli Paneer,Fast Food,"209 N Carroll Blvd, Denton"
DallasPuram Dhaba Food Truck,Dragon Chicken,Fast Food,"209 N Carroll Blvd, Denton"
DallasPuram Dhaba Food Truck,Chilli chicken,Fast Food,"209 N Carroll Blvd, Denton"
DallasPuram Dhaba Food Truck,Pepper chicken,Fast Food,"209 N Carroll Blvd, Denton"
DallasPuram Dhaba Food Truck,chicken 555,Starter,"209 N Carroll Blvd, Denton"
DallasPuram Dhaba Food Truck,Nellore Kodi vepudu,Starter,"209 N Carroll Blvd, Denton"
DallasPuram Dhaba Food Truck,Raju gari kodi pulao,Biryani,"209 N Carroll Blvd, Denton"
DallasPuram Dhaba Food Truck,paneer pulao,Biryani,"209 N Carroll Blvd, Denton"
DallasPuram Dhaba Food Truck,paratha chicken,Fast Food,"209 N Carroll Blvd, Denton"
DallasPuram Dhaba Food Truck,paratha mutton,Fast Food,"209 N Carroll Blvd, Denton"
DallasPuram Dhaba Food Truck,Chikoo shake,Drinks,"209 N Carroll Blvd, Denton"
DallasPuram Dhaba Food Truck,rose milk,Drinks,"209 N Carroll Blvd, Denton"
DallasPuram Dhaba Food Truck,mango lassi,Drinks,"209 N Carroll Blvd, Denton"
DallasPuram Dhaba Food Truck,DD special badam milk ,Drinks,"209 N Carroll Blvd, Denton"
DallasPuram Dhaba Food Truck,coke/Limca/Thumsup/7up/Fanta,Drinks,"209 N Carroll Blvd, Denton"
DallasPuram Dhaba Food Truck,Thalapakattu Mutton Biryani,Biryani,"209 N Carroll Blvd, Denton"
DallasPuram Dhaba Food Truck,Thalapakattu chicken Biryani,Biryani,"209 N Carroll Blvd, Denton"
JaiRamKiBandi,Tawa Idly/Ghee Karam Idly,Tiffins,"5168 Baxterwell Rd, Mckinney, Tx"
JaiRamKiBandi,"Poori with Bombay chutney and 
Aloo koorma",Tiffins,"5168 Baxterwell Rd, Mckinney, Tx"
JaiRamKiBandi,Chitti punugulu,SNACKS,"5168 Baxterwell Rd, Mckinney, Tx"
JaiRamKiBandi,paratha,Tiffins,"5168 Baxterwell Rd, Mckinney, Tx"
JaiRamKiBandi,potato twister ,SNACKS,"5168 Baxterwell Rd, Mckinney, Tx"
JaiRamKiBandi,samosa,SNACKS,"5168 Baxterwell Rd, Mckinney, Tx"
JaiRamKiBandi,Onion Dosa,Dosas,"5168 Baxterwell Rd, Mckinney, Tx"
JaiRamKiBandi,Egg Dosa,Dosas,"5168 Baxterwell Rd, Mckinney, Tx"
JaiRamKiBandi,Double Egg Dosa,Dosas,"5168 Baxterwell Rd, Mckinney, Tx"
JaiRamKiBandi,Butter plain dosa,Dosas,"5168 Baxterwell Rd, Mckinney, Tx"
JaiRamKiBandi,Ghee dosa,Dosas,"5168 Baxterwell Rd, Mckinney, Tx"
JaiRamKiBandi,Butter masala dosa,Dosas,"5168 Baxterwell Rd, Mckinney, Tx"
JaiRamKiBandi,Ghee Karam dosa,Dosas,"5168 Baxterwell Rd, Mckinney, Tx"
JaiRamKiBandi,Dil pasand Dosa,Dosas,"5168 Baxterwell Rd, Mckinney, Tx"
JaiRamKiBandi,Pizza dosa,Dosas,"5168 Baxterwell Rd, Mckinney, Tx"
JaiRamKiBandi,pizza corn dosa,Dosas,"5168 Baxterwell Rd, Mckinney, Tx"
JaiRamKiBandi,pizza kaju dosa,Dosas,"5168 Baxterwell Rd, Mckinney, Tx"
JaiRamKiBandi,Butter panner masala dosa,Dosas,"5168 Baxterwell Rd, Mckinney, Tx"
JaiRamKiBandi,Idly & Dosa with chicken curry,Dosas,"5168 Baxterwell Rd, Mckinney, Tx"
JaiRamKiBandi,"Uthappam(Plain/ Onion/Vegetable/
chicken/chicken cheese)",Tiffins,"5168 Baxterwell Rd, Mckinney, Tx"
JaiRamKiBandi,Naan (Plain/Butter),Indian Bread,"5168 Baxterwell Rd, Mckinney, Tx"
JaiRamKiBandi,pulka,Indian Bread,"5168 Baxterwell Rd, Mckinney, Tx"
MayaBazar Food truck,Plain Idly,Tiffins,"2628 North Story Rd, Irving, Tx"
MayaBazar Food truck,Ghee Karam Idly,Tiffins,"2628 North Story Rd, Irving, Tx"
MayaBazar Food truck,Chitti Punugulu,Tiffins,"2628 North Story Rd, Irving, Tx"
MayaBazar Food truck,Mysore Bonda,Tiffins,"2628 North Story Rd, Irving, Tx"
MayaBazar Food truck,Plain Dosa,Dosas,"2628 North Story Rd, Irving, Tx"
MayaBazar Food truck,Onion Dosa,Dosas,"2628 North Story Rd, Irving, Tx"
MayaBazar Food truck,Pullattu,Tiffins,"2628 North Story Rd, Irving, Tx"
MayaBazar Food truck,Ghee Karam Dosa,Dosas,"2628 North Story Rd, Irving, Tx"
MayaBazar Food truck,Rava Onion Dosa,Dosas,"2628 North Story Rd, Irving, Tx"
MayaBazar Food truck,Masala Dosa,Dosas,"2628 North Story Rd, Irving, Tx"
MayaBazar Food truck,Plain Pesarattu,Dosas,"2628 North Story Rd, Irving, Tx"
MayaBazar Food truck,Pulihora Dosa(House special),Dosas,"2628 North Story Rd, Irving, Tx"
MayaBazar Food truck,Pesarattu Upma,Dosas,"2628 North Story Rd, Irving, Tx"
MayaBazar Food truck,Onion Uttapam,Tiffins,"2628 North Story Rd, Irving, Tx"
MayaBazar Food truck,Double Egg Dosa,Dosas,"2628 North Story Rd, Irving, Tx"
MayaBazar Food truck,Pullatu/Chicken Curry,Dosas,"2628 North Story Rd, Irving, Tx"
MayaBazar Food truck,Pullatu/Mutton Curry,Dosas,"2628 North Story Rd, Irving, Tx"
MayaBazar Food truck,Parota veg/chicken/Mutton,Tiffins,"2628 North Story Rd, Irving, Tx"
MayaBazar Food truck,Manchuria veg/EGG/Chicken,Fast Food,"2628 North Story Rd, Irving, Tx"
MayaBazar Food truck,Noodles  Veg/Egg/Chicken,Fast Food,"2628 North Story Rd, Irving, Tx"
MayaBazar Food truck,Fried Rice  Veg/Chicken/Chicken,Fast Food,"2628 North Story Rd, Irving, Tx"
MayaBazar Food truck,Cut Mirchi,SNACKS,"2628 North Story Rd, Irving, Tx"
MayaBazar Food truck,Pav Bhaji,SNACKS,"2628 North Story Rd, Irving, Tx"
MayaBazar Food truck,Samosa,SNACKS,"2628 North Story Rd, Irving, Tx"
MayaBazar Food truck,Pani Puri,SNACKS,"2628 North Story Rd, Irving, Tx"
MayaBazar Food truck,stuffed Mirchi,SNACKS,"2628 North Story Rd, Irving, Tx"
MayaBazar Food truck,Onion Pakora,SNACKS,"2628 North Story Rd, Irving, Tx"
Chill Bros Dhaba (Food Truck),Idly,Tiffins,"1604 W Northwest Hwy, Dallas, Tx"
Chill Bros Dhaba (Food Truck),Ghee Karam Idly,Tiffins,"1604 W Northwest Hwy, Dallas, Tx"
Chill Bros Dhaba (Food Truck),Punugulu,Tiffins,"1604 W Northwest Hwy, Dallas, Tx"
Chill Bros Dhaba (Food Truck),Ghee Karam Punugulu,Tiffins,"1604 W Northwest Hwy, Dallas, Tx"
Chill Bros Dhaba (Food Truck),Mirchi Bhajji,Tiffins,"1604 W Northwest Hwy, Dallas, Tx"
Chill Bros Dhaba (Food Truck),Plain Dosa,Dosas,"1604 W Northwest Hwy, Dallas, Tx"
Chill Bros Dhaba (Food Truck),Onion Dosa,Dosas,"1604 W Northwest Hwy, Dallas, Tx"
Chill Bros Dhaba (Food Truck),Masala Dosa,Dosas,"1604 W Northwest Hwy, Dallas, Tx"
Chill Bros Dhaba (Food Truck),Dhabha Special Dosa **,Dosas,"1604 W Northwest Hwy, Dallas, Tx"
Chill Bros Dhaba (Food Truck),Double Egg Dosa,Dosas,"1604 W Northwest Hwy, Dallas, Tx"
Chill Bros Dhaba (Food Truck),Paneer Dosa,Dosas,"1604 W Northwest Hwy, Dallas, Tx"
Chill Bros Dhaba (Food Truck),Ghee Karam Dosa,Dosas,"1604 W Northwest Hwy, Dallas, Tx"
Chill Bros Dhaba (Food Truck),Upma Pessarattu  **,Dosas,"1604 W Northwest Hwy, Dallas, Tx"
Chill Bros Dhaba (Food Truck),Dosa Chicken Curry/Mutton Curry,Dosas,"1604 W Northwest Hwy, Dallas, Tx"
Chill Bros Dhaba (Food Truck),Veg Fried Rice ,Fast Food,"1604 W Northwest Hwy, Dallas, Tx"
Chill Bros Dhaba (Food Truck),Fried Rice Egg/Double/Triple,Fast Food,"1604 W Northwest Hwy, Dallas, Tx"
Chill Bros Dhaba (Food Truck),Chicken Fried Rice **,Fast Food,"1604 W Northwest Hwy, Dallas, Tx"
Chill Bros Dhaba (Food Truck),Gobi Manchuria,Fast Food,"1604 W Northwest Hwy, Dallas, Tx"
Chill Bros Dhaba (Food Truck),Chicken Manchuria,Fast Food,"1604 W Northwest Hwy, Dallas, Tx"
Chill Bros Dhaba (Food Truck),Paneer Manchuri,Fast Food,"1604 W Northwest Hwy, Dallas, Tx"
Chill Bros Dhaba (Food Truck),Paneer 65,Fast Food,"1604 W Northwest Hwy, Dallas, Tx"
Chill Bros Dhaba (Food Truck),Chicken 65,Fast Food,"1604 W Northwest Hwy, Dallas, Tx"
Chill Bros Dhaba (Food Truck),Ullikaram Chicken Fry  **,Starters,"1604 W Northwest Hwy, Dallas, Tx"
Chill Bros Dhaba (Food Truck),Avakai Chicken Fry  **,Starters,"1604 W Northwest Hwy, Dallas, Tx"
Chill Bros Dhaba (Food Truck),Gongura Chicken Fry,Starters,"1604 W Northwest Hwy, Dallas, Tx"
Chill Bros Dhaba (Food Truck),Chicken Pakodi,Starters,"1604 W Northwest Hwy, Dallas, Tx"
Chill Bros Dhaba (Food Truck),Spicy Red Chicken Grill,Starters,"1604 W Northwest Hwy, Dallas, Tx"
Chill Bros Dhaba (Food Truck),Haryali Chicken Grill,Starters,"1604 W Northwest Hwy, Dallas, Tx"
Chill Bros Dhaba (Food Truck),Lamb Grill,Starters,"1604 W Northwest Hwy, Dallas, Tx"
Chill Bros Dhaba (Food Truck),Parota 2P,Indian Breads,"1604 W Northwest Hwy, Dallas, Tx"
Chill Bros Dhaba (Food Truck),paneer 2P,Indian Breads,"1604 W Northwest Hwy, Dallas, Tx"
Chill Bros Dhaba (Food Truck),chapathi 2P,Indian Breads,"1604 W Northwest Hwy, Dallas, Tx"
Chill Bros Dhaba (Food Truck),Rumali Roti 1,Indian Breads,"1604 W Northwest Hwy, Dallas, Tx"
Chill Bros Dhaba (Food Truck),Dhal Tadkhai,Curry,"1604 W Northwest Hwy, Dallas, Tx"
Chill Bros Dhaba (Food Truck),Paneer Butter Masala,Curry,"1604 W Northwest Hwy, Dallas, Tx"
Chill Bros Dhaba (Food Truck),Egg Bhurji,Curry,"1604 W Northwest Hwy, Dallas, Tx"
Chill Bros Dhaba (Food Truck),Chicken Curry  **,Curry,"1604 W Northwest Hwy, Dallas, Tx"
Chill Bros Dhaba (Food Truck),Mutton Curry  **,Curry,"1604 W Northwest Hwy, Dallas, Tx"
Chaat Chariot,Samosa,SNACKS,"7500 Tx-29, Georgetown, Tx"
Chaat Chariot,Mirchi Bhajji,SNACKS,"7500 Tx-29, Georgetown, Tx"
Chaat Chariot,Punugulu,SNACKS,"7500 Tx-29, Georgetown, Tx"
Chaat Chariot,Vada Pav,Chaat,"7500 Tx-29, Georgetown, Tx"
Chaat Chariot,Pani Puri,Chaat,"7500 Tx-29, Georgetown, Tx"
Chaat Chariot,Sev Puri,Chaat,"7500 Tx-29, Georgetown, Tx"
Chaat Chariot,Dahi Puri,Chaat,"7500 Tx-29, Georgetown, Tx"
Chaat Chariot,Samosa Chat,Chaat,"7500 Tx-29, Georgetown, Tx"
Chaat Chariot,Papdi Chat,Chaat,"7500 Tx-29, Georgetown, Tx"
Chaat Chariot,Pav Bhaji,Chaat,"7500 Tx-29, Georgetown, Tx"
Chaat Chariot,Frankie  Veg/Chicken,Fast Food,"7500 Tx-29, Georgetown, Tx"
Chaat Chariot,Noodles  Veg/Egg/Chicken,Fast Food,"7500 Tx-29, Georgetown, Tx"
Chaat Chariot,Fried Rice Veg/Egg/Chicken,Fast Food,"7500 Tx-29, Georgetown, Tx"
Chaat Chariot,Chilli Chicken,Starters,"7500 Tx-29, Georgetown, Tx"
Galli Foods,Plain Dosa,Dosas,"2302 W walnut hill Ln, Irving"
Galli Foods,Upma Dosa ,Dosas,"2302 W walnut hill Ln, Irving"
Galli Foods,Masala Dosa ,Dosas,"2302 W walnut hill Ln, Irving"
Galli Foods,Onion Dosa,Dosas,"2302 W walnut hill Ln, Irving"
Galli Foods,Mysore Bhajji,SNACKS,"2302 W walnut hill Ln, Irving"
Galli Foods,Poori,Tiffins,"2302 W walnut hill Ln, Irving"
Galli Foods,Paratha    COMING SOON,Indian Breads,"2302 W walnut hill Ln, Irving"
Galli Foods,Mirchi Bhajji  Reg/Stuffed,Tiffins,"2302 W walnut hill Ln, Irving"
Galli Foods,Egg Bhajji    Reg/Stuffed,Tiffins,"2302 W walnut hill Ln, Irving"
Galli Foods,Punugulu,Tiffins,"2302 W walnut hill Ln, Irving"
Galli Foods,Onion Pakodi,Tiffins,"2302 W walnut hill Ln, Irving"
Galli Foods,Onion Samosa,Tiffins,"2302 W walnut hill Ln, Irving"
Galli Foods,Vada Pav,Chaat,"2302 W walnut hill Ln, Irving"
Galli Foods,Muntha Masala,Chaat,"2302 W walnut hill Ln, Irving"
Galli Foods,Sandwitch   Veg/Chicken  COMING SOON,SNACKS,"2302 W walnut hill Ln, Irving"
Galli Foods,Fried Rice  Veg/Egg,SNACKS,"2302 W walnut hill Ln, Irving"
Galli Foods,Noodles  Veg/Egg,SNACKS,"2302 W walnut hill Ln, Irving"
Galli Foods,Chicken Pakodi,Starters,"2302 W walnut hill Ln, Irving"
Galli Foods,Fish Fry,Starters,"2302 W walnut hill Ln, Irving"
Galli Foods,Chicken Liver Fry,Starters,"2302 W walnut hill Ln, Irving"
Galli Foods,Gobi Fry,Starters,"2302 W walnut hill Ln, Irving"
Galli Foods,Chicken Curry  Rice/Roti  **,Indian Breads,"2302 W walnut hill Ln, Irving"
Galli Foods,Dal rice/Roti,Indian Breads,"2302 W walnut hill Ln, Irving"
Galli Foods,Curd Rice,Rice,"2302 W walnut hill Ln, Irving"
Galli Foods,Haleem  **,Haleem,"2302 W walnut hill Ln, Irving"
Galli Foods,Marag paratha  **,Indian Breads,"2302 W walnut hill Ln, Irving"
Galli Foods,Chicken Wings Grill  COMING SOON,Starters,"2302 W walnut hill Ln, Irving"
Galli Foods,Chicken Quater/Whole Grill  COMING SOON,Starters,"2302 W walnut hill Ln, Irving"
Galli Foods,Corn Grill  COMING SOON,Starters,"2302 W walnut hill Ln, Irving"
Mawa bro Food Truck,Idly,Tiffins,"8295 Lights Ranch Road, pilot point, Tx"
Mawa bro Food Truck,Vada,Tiffins,"8295 Lights Ranch Road, pilot point, Tx"
Mawa bro Food Truck,Mysore Bonda,Tiffins,"8295 Lights Ranch Road, pilot point, Tx"
Mawa bro Food Truck,Punugulu,Tiffins,"8295 Lights Ranch Road, pilot point, Tx"
Mawa bro Food Truck,Onion Pakore,Tiffins,"8295 Lights Ranch Road, pilot point, Tx"
Mawa bro Food Truck,Spinach Pakore,Tiffins,"8295 Lights Ranch Road, pilot point, Tx"
Mawa bro Food Truck,Cut Mirchi,Tiffins,"8295 Lights Ranch Road, pilot point, Tx"
Mawa bro Food Truck,Mirchi Bhajji,Tiffins,"8295 Lights Ranch Road, pilot point, Tx"
Mawa bro Food Truck,Dal Vada,Tiffins,"8295 Lights Ranch Road, pilot point, Tx"
Mawa bro Food Truck,Chole Poori,Tiffins,"8295 Lights Ranch Road, pilot point, Tx"
Mawa bro Food Truck,Ghee Karam Idly,Tiffins,"8295 Lights Ranch Road, pilot point, Tx"
Mawa bro Food Truck,Pani Puri,Tiffins,"8295 Lights Ranch Road, pilot point, Tx"
Mawa bro Food Truck,Dahi Puri,Tiffins,"8295 Lights Ranch Road, pilot point, Tx"
Mawa bro Food Truck,Samosa,SNACKS,"8295 Lights Ranch Road, pilot point, Tx"
Mawa bro Food Truck,Samosa Chat,Chaat,"8295 Lights Ranch Road, pilot point, Tx"
Mawa bro Food Truck,Pav Bhaji,Chaat,"8295 Lights Ranch Road, pilot point, Tx"
Mawa bro Food Truck,Bhel Puri,Chaat,"8295 Lights Ranch Road, pilot point, Tx"
Mawa bro Food Truck,Fried Rice  Veg/Egg/chicken/Shrimp/Panner,Fast Food,"8295 Lights Ranch Road, pilot point, Tx"
Mawa bro Food Truck,Roti,Indian Bread,"8295 Lights Ranch Road, pilot point, Tx"
Mawa bro Food Truck,Chicken 65,Starters,"8295 Lights Ranch Road, pilot point, Tx"
Mawa bro Food Truck,Chilli Chicken,Starters,"8295 Lights Ranch Road, pilot point, Tx"
Mawa bro Food Truck,Manchuria Veg/Chicken,Starters,"8295 Lights Ranch Road, pilot point, Tx"
Mawa bro Food Truck,Paneer 65,Starters,"8295 Lights Ranch Road, pilot point, Tx"
Mawa bro Food Truck,Chilli Paneer,Starters,"8295 Lights Ranch Road, pilot point, Tx"
Mawa bro Food Truck,Tea ,Hot Beverages,"8295 Lights Ranch Road, pilot point, Tx"
Mawa bro Food Truck,Coffe,Hot Beverages,"8295 Lights Ranch Road, pilot point, Tx"
Mawa bro Food Truck,Lassi,Drinks,"8295 Lights Ranch Road, pilot point, Tx"
Mawa bro Food Truck,Soda,Drinks,"8295 Lights Ranch Road, pilot point, Tx"
Indian Express Food Truck,Plain Dosa,Dosas,"1770 Market Pl Blvd, Irving, Tx 75063"
Indian Express Food Truck,Masala Dosa,Dosas,"1770 Market Pl Blvd, Irving, Tx 75063"
Indian Express Food Truck,Onion Chilli Uttapam,Dosas,"1770 Market Pl Blvd, Irving, Tx 75063"
Indian Express Food Truck,Veg Uttapam,Dosas,"1770 Market Pl Blvd, Irving, Tx 75063"
Indian Express Food Truck,Amul Cheese Dosa,Dosas,"1770 Market Pl Blvd, Irving, Tx 75063"
Indian Express Food Truck,Spring Dosa,Dosas,"1770 Market Pl Blvd, Irving, Tx 75063"
Indian Express Food Truck,Mysore Masala Dosa,Dosas,"1770 Market Pl Blvd, Irving, Tx 75063"
Indian Express Food Truck,Onion Chilli Dosa,Dosas,"1770 Market Pl Blvd, Irving, Tx 75063"
Indian Express Food Truck,Veg Manchuria  Dry/Gravy,Fast Food,"1770 Market Pl Blvd, Irving, Tx 75063"
Indian Express Food Truck,Manchurian Fried Rice,Fast Food,"1770 Market Pl Blvd, Irving, Tx 75063"
Indian Express Food Truck,Veg Fried Rice,Fast Food,"1770 Market Pl Blvd, Irving, Tx 75063"
Indian Express Food Truck,Schezwan Fried Rice,Fast Food,"1770 Market Pl Blvd, Irving, Tx 75063"
Indian Express Food Truck,Veg Noodles,Fast Food,"1770 Market Pl Blvd, Irving, Tx 75063"
Indian Express Food Truck,Manchurian Noodles,Fast Food,"1770 Market Pl Blvd, Irving, Tx 75063"
Indian Express Food Truck,Samosa Chat,Chaat,"1770 Market Pl Blvd, Irving, Tx 75063"
Indian Express Food Truck,Sev Puri,Chaat,"1770 Market Pl Blvd, Irving, Tx 75063"
Indian Express Food Truck,Masala Puri / Dahi Puri,Chaat,"1770 Market Pl Blvd, Irving, Tx 75063"
Indian Express Food Truck,Veg Paneer Sandwhich,SNACKS,"1770 Market Pl Blvd, Irving, Tx 75063"
Indian Express Food Truck,Bombay Veg Sandwhich,SNACKS,"1770 Market Pl Blvd, Irving, Tx 75063"
Indian Express Food Truck,cheese Chutney Sandwhich,SNACKS,"1770 Market Pl Blvd, Irving, Tx 75063"
Indian Express Food Truck,Potato Masala Sandwhich,SNACKS,"1770 Market Pl Blvd, Irving, Tx 75063"
Aha Foods,Plain Dosa ,Dosas,"1303 Eagle Dr, Denton, Tx "
Aha Foods,Onion Dosa ,Dosas,"1303 Eagle Dr, Denton, Tx "
Aha Foods,Masala Dosa,Dosas,"1303 Eagle Dr, Denton, Tx "
Aha Foods,Poori Bhaji,Tiffins,"1303 Eagle Dr, Denton, Tx "
Aha Foods,Poori chicken curry,Tiffins,"1303 Eagle Dr, Denton, Tx "
Aha Foods,Idly,Tiffins,"1303 Eagle Dr, Denton, Tx "
Aha Foods,Noodles Veg/Egg/Chicken,Fast Food,"1303 Eagle Dr, Denton, Tx "
Aha Foods,Fried Rice Veg/Egg/Chicken,Fast Food,"1303 Eagle Dr, Denton, Tx "
Aha Foods,Manchurian Veg/Egg/Chicken,Fast Food,"1303 Eagle Dr, Denton, Tx "
Aha Foods,Mirchi Bhajji,SNACKS,"1303 Eagle Dr, Denton, Tx "
Aha Foods,chicken Pakoda,SNACKS,"1303 Eagle Dr, Denton, Tx "
Mumbai Fusion Chat,Pav Bhaji  **,Chaat,"402 W Hickory St, Denton TX 76201"
Mumbai Fusion Chat,Samosa  **,Chaat,"402 W Hickory St, Denton TX 76201"
Mumbai Fusion Chat,Kutchi Dabeli,Chaat,"402 W Hickory St, Denton TX 76201"
Mumbai Fusion Chat,Cheese Pav  **,Chaat,"402 W Hickory St, Denton TX 76201"
Mumbai Fusion Chat,Dahi Misal Pav  **,Chaat,"402 W Hickory St, Denton TX 76201"
Mumbai Fusion Chat,Jain Misal Pav  **,Chaat,"402 W Hickory St, Denton TX 76201"
Mumbai Fusion Chat,Puri Bhaji  **,Chaat,"402 W Hickory St, Denton TX 76201"
Mumbai Fusion Chat,Vada Pav  **,Chaat,"402 W Hickory St, Denton TX 76201"
Mumbai Fusion Chat,Cheese Vada Pav  **,Chaat,"402 W Hickory St, Denton TX 76201"
Mumbai Fusion Chat,Samosa Chat **,Chaat,"402 W Hickory St, Denton TX 76201"
Mumbai Fusion Chat,Bhel Puri,Chaat,"402 W Hickory St, Denton TX 76201"
Mumbai Fusion Chat,Pani Puri,Chaat,"402 W Hickory St, Denton TX 76201"
Mumbai Fusion Chat,Sev Puri,Chaat,"402 W Hickory St, Denton TX 76201"
Mumbai Fusion Chat,Dahi Puri,Chaat,"402 W Hickory St, Denton TX 76201"
Mumbai Fusion Chat,Ragada Patties,Chaat,"402 W Hickory St, Denton TX 76201"
Mumbai Fusion Chat,Chatpati Chat,Chaat,"402 W Hickory St, Denton TX 76201"
Mumbai Fusion Chat,Sukha Puri,Chaat,"402 W Hickory St, Denton TX 76201"
Mumbai Fusion Chat,Aloo Tikki Chat,Chaat,"402 W Hickory St, Denton TX 76201"
Mumbai Fusion Chat,Masala Papad,Chaat,"402 W Hickory St, Denton TX 76201"
Mumbai Fusion Chat,Dahi Vada,Chaat,"402 W Hickory St, Denton TX 76201"
Mumbai Fusion Chat,Raj Kachori,Chaat,"402 W Hickory St, Denton TX 76201"
Mumbai Fusion Chat,Papdi Chat,Chaat,"402 W Hickory St, Denton TX 76201"
Mumbai Fusion Chat,Veg Burger,Fast Food,"402 W Hickory St, Denton TX 76201"
Mumbai Fusion Chat,Fries,Fast Food,"402 W Hickory St, Denton TX 76201"
Mumbai Fusion Chat,Grilled Sandwhich,Fast Food,"402 W Hickory St, Denton TX 76201"
Mumbai Fusion Chat,Mumbai Sandwhich  **,Fast Food,"402 W Hickory St, Denton TX 76201"
Mumbai Fusion Chat,Kulfi,Desserts,"402 W Hickory St, Denton TX 76201"
Mumbai Fusion Chat,Kesar Shrikhand,Desserts,"402 W Hickory St, Denton TX 76201"
Mumbai Fusion Chat,Mango Lassi,Drinks,"402 W Hickory St, Denton TX 76201"
Mumbai Fusion Chat,Rose Lassi,Drinks,"402 W Hickory St, Denton TX 76201"
Mumbai Fusion Chat,Bobmay Cutting Chai,Hot Beverages,"402 W Hickory St, Denton TX 76201"
Himalayan food truck,Veg Steam Momo,Momos,"1350 Pin Oak Rd, Katy, TX 77494"
Himalayan food truck,Chicken Steam Momo,Momos,"1350 Pin Oak Rd, Katy, TX 77494"
Himalayan food truck,Chicken Chilli Momo,Momos,"1350 Pin Oak Rd, Katy, TX 77494"
Himalayan food truck,Chicken Jhol Momo,Momos,"1350 Pin Oak Rd, Katy, TX 77494"
Himalayan food truck,Veg Chilli Momo,Momos,"1350 Pin Oak Rd, Katy, TX 77494"
Himalayan food truck,Chicken Fried Momo,Momos,"1350 Pin Oak Rd, Katy, TX 77494"
Himalayan food truck,Veg Fried Momo,Momos,"1350 Pin Oak Rd, Katy, TX 77494"
Himalayan food truck,Samosa,SNACKS,"1350 Pin Oak Rd, Katy, TX 77494"
Himalayan food truck,Milk Tea,Hot Beverages,"1350 Pin Oak Rd, Katy, TX 77494"
Himalayan food truck,Mango Lassi,Drinks,"1350 Pin Oak Rd, Katy, TX 77494"
Friends Canteen,Chitti Idly,Tiffins,"209 N Carroll Blvd, Denton, TX 76201"
Friends Canteen,Idly,Tiffins,"209 N Carroll Blvd, Denton, TX 76201"
Friends Canteen,Idly with Chicken/Mutton Curry,Tiffins,"209 N Carroll Blvd, Denton, TX 76201"
Friends Canteen,Ghee Karam Idly,Tiffins,"209 N Carroll Blvd, Denton, TX 76201"
Friends Canteen,Ghee Idly,Tiffins,"209 N Carroll Blvd, Denton, TX 76201"
Friends Canteen,Poori,Tiffins,"209 N Carroll Blvd, Denton, TX 76201"
Friends Canteen,Plain Dosa,Dosas,"209 N Carroll Blvd, Denton, TX 76201"
Friends Canteen,Ghee Karam Dosa,Dosas,"209 N Carroll Blvd, Denton, TX 76201"
Friends Canteen,Onion Dosa,Dosas,"209 N Carroll Blvd, Denton, TX 76201"
Friends Canteen,Set Dosa,Dosas,"209 N Carroll Blvd, Denton, TX 76201"
Friends Canteen,Nellore Karam Dosa,Dosas,"209 N Carroll Blvd, Denton, TX 76201"
Friends Canteen,Kadapa Karam Dosa,Dosas,"209 N Carroll Blvd, Denton, TX 76201"
Friends Canteen,Dosa With Chicken/Mutton,Dosas,"209 N Carroll Blvd, Denton, TX 76201"
Friends Canteen,Uttapam,Dosas,"209 N Carroll Blvd, Denton, TX 76201"
Friends Canteen,Egg Bajji,SNACKS,"209 N Carroll Blvd, Denton, TX 76201"
Friends Canteen,Vankaya Bajji,SNACKS,"209 N Carroll Blvd, Denton, TX 76201"
Friends Canteen,Pulihora Bhajji,SNACKS,"209 N Carroll Blvd, Denton, TX 76201"
Friends Canteen,Stuffed Bhajji,SNACKS,"209 N Carroll Blvd, Denton, TX 76201"
Friends Canteen,Paneer Rolls,SNACKS,"209 N Carroll Blvd, Denton, TX 76201"
Friends Canteen,Samosa,SNACKS,"209 N Carroll Blvd, Denton, TX 76201"
Friends Canteen,Spring Rolls,SNACKS,"209 N Carroll Blvd, Denton, TX 76201"
Friends Canteen,Punugulu,SNACKS,"209 N Carroll Blvd, Denton, TX 76201"
Friends Canteen,Mirchi Bhajji,SNACKS,"209 N Carroll Blvd, Denton, TX 76201"
Friends Canteen,Egg Fried Rice,Fast Food,"209 N Carroll Blvd, Denton, TX 76201"
Friends Canteen,Chicken Noodles,Fast Food,"209 N Carroll Blvd, Denton, TX 76201"
Friends Canteen,Veg Fried Rice,Fast Food,"209 N Carroll Blvd, Denton, TX 76201"
Friends Canteen,Paneer Fried Rice,Fast Food,"209 N Carroll Blvd, Denton, TX 76201"
Friends Canteen,Chicken 65 Fried Rice,Fast Food,"209 N Carroll Blvd, Denton, TX 76201"
Friends Canteen,Double Egg Chicken Fried Rice,Fast Food,"209 N Carroll Blvd, Denton, TX 76201"
Friends Canteen,Avakaya Chicken Fried Rice,Fast Food,"209 N Carroll Blvd, Denton, TX 76201"
Friends Canteen,Avakaya Veg Fried Rice,Fast Food,"209 N Carroll Blvd, Denton, TX 76201"
Friends Canteen,Chicken 65 Noodles,Fast Food,"209 N Carroll Blvd, Denton, TX 76201"
Friends Canteen,Double Egg Chicken Noodles,Fast Food,"209 N Carroll Blvd, Denton, TX 76201"
Friends Canteen,Veg Noodles,Fast Food,"209 N Carroll Blvd, Denton, TX 76201"
Friends Canteen,Gobi Noodles,Fast Food,"209 N Carroll Blvd, Denton, TX 76201"
Friends Canteen,Gobi 65 Noodles,Fast Food,"209 N Carroll Blvd, Denton, TX 76201"
Friends Canteen,Egg Noodles,Fast Food,"209 N Carroll Blvd, Denton, TX 76201"